Loan_ID,Customer_ID,Age,Gender,City,Employment_Type,Monthly_Income,Loan_Amount,Loan_Tenure_Months,Interest_Rate,EMI_Amount,Loan_Purpose,Loan_Status,Disbursement_Date,Closure_Date,Days_to_Close,Credit_Score,DPD_30,Recovery_Amount
LN0001,CU2824,22,Female,Mumbai,Salaried,51579,391123,3,28.24,136558.19,Business,Active,2023-08-28,,,732,Yes,0.0
LN0002,CU2535,34,Male,Chennai,Salaried,67124,380400,24,22.07,19747.6,Shopping,Defaulted,2022-01-07,,,463,Yes,223940.56
LN0003,CU6574,38,Male,Mumbai,Self-Employed,41793,53625,18,14.32,3328.25,Travel,Defaulted,2022-02-14,,,770,Yes,25491.16
LN0004,CU7201,26,Female,Chennai,Self-Employed,65407,374398,3,13.1,127533.98,Medical,Defaulted,2022-03-23,,,538,Yes,264526.63
LN0005,CU7227,38,Female,Delhi,Salaried,112040,191264,6,28.08,34538.39,Education,Closed,2023-07-01,2023-11-03,125.0,467,No,0.0
LN0006,CU5422,35,Female,Hyderabad,Salaried,23414,427075,12,21.63,39895.81,Education,Closed,2023-08-04,2024-01-12,161.0,517,No,0.0
LN0007,CU7482,50,Male,Delhi,Salaried,79651,395588,24,24.94,21101.23,Business,Restructured,2023-08-21,2024-03-12,204.0,670,Yes,0.0
LN0008,CU4593,29,Female,Hyderabad,Salaried,43743,85132,6,31.01,15499.25,Shopping,Active,2023-01-30,,,690,No,0.0
LN0009,CU8668,54,Female,Chennai,Salaried,45029,362412,24,30.02,20267.21,Travel,Active,2022-10-28,,,745,No,0.0
LN0010,CU1053,37,Male,Chennai,Salaried,93235,446277,24,26.62,24182.76,Medical,Defaulted,2022-06-15,,,843,Yes,331559.46
LN0011,CU6310,52,Male,Hyderabad,Self-Employed,95612,130541,3,17.78,44809.44,Business,Active,2022-03-29,,,797,No,0.0
LN0012,CU9727,29,Male,Bangalore,Salaried,84483,281653,24,22.16,14633.9,Medical,Closed,2022-11-16,2023-12-29,408.0,682,No,0.0
LN0013,CU9479,49,Male,Mumbai,Salaried,31784,182254,3,26.12,63415.02,Medical,Closed,2022-01-08,2022-03-21,72.0,360,No,0.0
LN0014,CU1514,42,Male,Chennai,Salaried,88001,355737,18,17.14,22552.51,Medical,Restructured,2022-09-06,2024-01-03,484.0,716,Yes,0.0
LN0015,CU4119,27,Male,Bangalore,Self-Employed,126038,220535,18,32.73,15667.68,Education,Active,2022-03-04,,,712,No,0.0
LN0016,CU2790,36,Male,Mumbai,Self-Employed,51747,226187,6,18.69,39779.3,Medical,Active,2023-03-30,,,400,Yes,0.0
LN0017,CU9856,21,Male,Mumbai,Salaried,121539,259615,18,17.13,16457.47,Shopping,Active,2022-06-18,,,688,Yes,0.0
LN0018,CU7396,37,Female,Delhi,Self-Employed,142577,86158,6,19.12,15171.0,Education,Active,2022-11-18,,,358,Yes,0.0
LN0019,CU8811,53,Male,Hyderabad,Salaried,63712,40924,24,13.63,1957.73,Medical,Restructured,2022-05-03,2023-12-07,583.0,552,Yes,0.0
LN0020,CU1651,26,Female,Chennai,Self-Employed,83358,112090,12,17.73,10262.01,Shopping,Closed,2023-11-19,2024-05-02,165.0,607,No,0.0
LN0021,CU2188,21,Female,Chennai,Salaried,34204,286875,6,24.14,51234.76,Medical,Defaulted,2022-03-12,,,550,Yes,102893.16
LN0022,CU3584,49,Female,Chennai,Salaried,93480,493508,3,34.53,174059.31,Medical,Defaulted,2022-04-29,,,409,Yes,305822.8
LN0023,CU3546,38,Female,Chennai,Salaried,104884,111743,12,24.13,10573.4,Travel,Active,2022-04-05,,,733,No,0.0
LN0024,CU1722,21,Female,Mumbai,Self-Employed,57357,393618,18,25.24,26494.29,Shopping,Active,2022-04-25,,,377,No,0.0
LN0025,CU3442,55,Male,Delhi,Salaried,127666,71818,3,19.4,24717.51,Education,Defaulted,2022-08-04,,,555,Yes,40710.28
LN0026,CU6794,47,Male,Mumbai,Salaried,61413,467115,18,12.59,28613.82,Travel,Restructured,2023-11-17,2024-06-25,221.0,554,Yes,0.0
LN0027,CU5371,31,Male,Bangalore,Salaried,138388,121619,6,31.6,22178.49,Shopping,Defaulted,2022-11-09,,,533,Yes,31140.12
LN0028,CU4164,46,Female,Delhi,Salaried,88170,189101,24,21.59,9771.97,Business,Defaulted,2022-01-29,,,418,Yes,135004.29
LN0029,CU5279,32,Female,Hyderabad,Salaried,128918,186239,12,22.47,17473.08,Business,Active,2023-01-30,,,494,No,0.0
LN0030,CU8144,21,Male,Delhi,Self-Employed,33343,353251,12,26.96,33911.35,Education,Defaulted,2023-06-04,,,616,Yes,200231.51
LN0031,CU6344,46,Female,Chennai,Salaried,65289,225434,18,28.26,15510.32,Medical,Defaulted,2023-02-20,,,300,Yes,70496.02
LN0032,CU4443,48,Female,Bangalore,Self-Employed,130909,359223,6,24.27,64179.28,Medical,Active,2022-10-18,,,827,No,0.0
LN0033,CU6491,26,Male,Delhi,Salaried,67200,82255,3,13.11,28019.59,Shopping,Active,2023-04-12,,,724,No,0.0
LN0034,CU4185,45,Female,Bangalore,Salaried,53684,348963,3,33.42,122859.4,Education,Restructured,2022-08-13,2023-02-09,180.0,830,Yes,0.0
LN0035,CU8611,24,Male,Hyderabad,Self-Employed,49954,425173,18,28.02,29202.07,Business,Defaulted,2023-03-30,,,816,Yes,169524.35
LN0036,CU9976,49,Male,Bangalore,Self-Employed,82945,399147,6,32.16,72901.96,Travel,Restructured,2023-10-04,2024-02-03,122.0,581,Yes,0.0
LN0037,CU8206,25,Female,Mumbai,Self-Employed,103040,172619,24,13.93,8282.23,Medical,Closed,2023-01-28,2023-07-03,156.0,519,Yes,0.0
LN0038,CU7678,42,Female,Bangalore,Salaried,69220,441674,18,21.35,28891.66,Business,Active,2023-08-13,,,689,No,0.0
LN0039,CU6763,40,Female,Bangalore,Salaried,142986,120040,12,22.46,11261.66,Education,Restructured,2022-12-11,2024-01-29,414.0,469,Yes,0.0
LN0040,CU8657,29,Male,Bangalore,Salaried,37006,341985,18,15.26,21376.53,Shopping,Closed,2022-02-21,2022-11-14,266.0,688,No,0.0
LN0041,CU8449,41,Female,Bangalore,Self-Employed,125510,137262,3,23.29,47541.4,Business,Active,2022-12-25,,,529,No,0.0
LN0042,CU1659,22,Male,Mumbai,Salaried,54946,130066,6,23.37,23179.01,Education,Closed,2023-04-22,2024-04-14,358.0,562,No,0.0
LN0043,CU3749,28,Male,Delhi,Salaried,21731,492004,12,25.82,46958.13,Shopping,Restructured,2022-07-23,2022-10-08,77.0,548,Yes,0.0
LN0044,CU2669,40,Male,Chennai,Salaried,106017,284311,18,27.88,19507.51,Education,Defaulted,2022-01-13,,,730,Yes,192089.51
LN0045,CU2729,48,Female,Bangalore,Salaried,129160,97346,24,35.17,5705.29,Travel,Restructured,2023-04-22,2023-12-01,223.0,574,Yes,0.0
LN0046,CU6280,36,Male,Delhi,Self-Employed,78927,398465,18,25.68,26906.73,Shopping,Defaulted,2022-01-30,,,806,Yes,277198.95
LN0047,CU3979,52,Male,Delhi,Self-Employed,104217,151621,24,28.83,8386.51,Travel,Active,2023-06-14,,,495,Yes,0.0
LN0048,CU7658,52,Male,Bangalore,Self-Employed,132486,420725,3,14.23,143580.8,Medical,Restructured,2023-12-10,2024-02-10,62.0,613,Yes,0.0
LN0049,CU7046,51,Female,Bangalore,Self-Employed,107225,373498,18,18.5,23920.45,Travel,Closed,2022-05-04,2024-05-11,738.0,497,No,0.0
LN0050,CU9779,32,Male,Mumbai,Self-Employed,87482,384891,24,35.44,22612.72,Business,Defaulted,2022-04-13,,,498,Yes,118304.92
LN0051,CU6912,32,Female,Hyderabad,Salaried,86909,28863,3,25.28,10029.18,Medical,Restructured,2022-04-16,2022-04-28,12.0,591,Yes,0.0
LN0052,CU8690,51,Female,Delhi,Salaried,28468,137371,18,14.74,8553.06,Education,Restructured,2023-05-19,2023-06-25,37.0,354,Yes,0.0
LN0053,CU3485,30,Female,Hyderabad,Salaried,46051,297590,18,26.55,20222.67,Business,Closed,2023-06-20,2023-12-31,194.0,761,No,0.0
LN0054,CU5871,48,Female,Chennai,Salaried,41013,404893,6,27.01,72896.94,Travel,Active,2022-06-10,,,545,No,0.0
LN0055,CU2229,31,Male,Bangalore,Self-Employed,138184,157703,3,17.56,54113.6,Travel,Restructured,2022-03-14,2024-02-15,703.0,539,Yes,0.0
LN0056,CU5334,33,Female,Hyderabad,Salaried,54056,481269,12,31.84,47354.19,Education,Active,2022-06-19,,,614,No,0.0
LN0057,CU5728,49,Male,Bangalore,Self-Employed,120515,499233,12,24.01,47209.69,Shopping,Restructured,2022-03-24,2023-11-26,612.0,340,Yes,0.0
LN0058,CU8078,41,Female,Hyderabad,Salaried,75011,358526,24,26.09,19331.71,Education,Defaulted,2023-08-14,,,341,Yes,227368.69
LN0059,CU3870,51,Female,Delhi,Salaried,129264,337810,18,35.26,24433.85,Shopping,Defaulted,2023-02-23,,,641,Yes,109700.68
LN0060,CU2713,31,Female,Bangalore,Self-Employed,90554,352384,18,31.53,24821.32,Business,Active,2023-04-11,,,390,No,0.0
LN0061,CU6296,28,Female,Chennai,Salaried,136104,221660,3,16.5,75927.8,Travel,Restructured,2023-10-03,2024-05-16,226.0,352,Yes,0.0
LN0062,CU4335,38,Male,Delhi,Self-Employed,142064,68662,3,35.36,24249.22,Business,Closed,2023-12-28,2024-02-06,40.0,618,No,0.0
LN0063,CU7684,26,Male,Hyderabad,Self-Employed,45793,344586,6,23.96,61510.58,Travel,Defaulted,2023-03-02,,,794,Yes,270903.6
LN0064,CU4993,50,Male,Bangalore,Salaried,148232,396272,6,32.74,72493.52,Travel,Restructured,2022-12-15,2024-05-17,519.0,573,Yes,0.0
LN0065,CU1042,39,Female,Chennai,Self-Employed,53953,239119,24,23.62,12597.18,Travel,Restructured,2023-04-12,2023-09-23,164.0,493,Yes,0.0
LN0066,CU4912,45,Male,Bangalore,Salaried,98408,395439,18,28.93,27338.91,Shopping,Restructured,2023-11-11,2024-05-31,202.0,455,Yes,0.0
LN0067,CU9115,23,Male,Chennai,Self-Employed,41309,463327,18,14.39,28771.72,Shopping,Active,2022-05-28,,,719,No,0.0
LN0068,CU3529,25,Female,Delhi,Self-Employed,119197,345701,3,32.44,121519.36,Business,Restructured,2022-11-21,2024-04-03,499.0,336,Yes,0.0
LN0069,CU2121,36,Female,Mumbai,Salaried,128763,56612,3,22.65,19587.47,Travel,Active,2022-02-17,,,632,No,0.0
LN0070,CU5806,43,Female,Bangalore,Salaried,79014,283484,18,25.58,19128.58,Medical,Closed,2022-06-29,2022-09-17,80.0,691,No,0.0
LN0071,CU4945,52,Male,Mumbai,Self-Employed,81578,245947,12,28.0,23735.36,Shopping,Defaulted,2023-11-25,,,461,Yes,37310.98
LN0072,CU6661,40,Female,Delhi,Self-Employed,94199,109447,18,32.48,7761.71,Education,Closed,2023-01-26,2024-01-28,367.0,602,No,0.0
LN0073,CU5837,22,Female,Delhi,Salaried,27856,482425,24,29.88,26943.95,Travel,Closed,2023-09-14,2024-03-12,180.0,524,No,0.0
LN0074,CU5106,29,Male,Hyderabad,Self-Employed,130559,22492,24,20.76,1153.12,Medical,Active,2022-10-30,,,634,No,0.0
LN0075,CU3877,33,Male,Chennai,Self-Employed,146542,483930,12,31.93,47637.55,Travel,Restructured,2022-10-30,2023-10-11,346.0,417,Yes,0.0
LN0076,CU8673,25,Male,Mumbai,Self-Employed,110885,52344,18,12.33,3200.07,Business,Active,2023-04-11,,,677,No,0.0
LN0077,CU5295,45,Female,Hyderabad,Salaried,138594,18120,24,33.22,1043.42,Business,Defaulted,2023-09-17,,,526,Yes,10026.82
LN0078,CU8606,40,Female,Hyderabad,Salaried,26887,24509,12,35.9,2461.0,Education,Active,2022-08-29,,,850,Yes,0.0
LN0079,CU8432,44,Female,Chennai,Salaried,123759,348367,3,32.01,122371.82,Business,Restructured,2022-10-14,2022-11-16,33.0,679,Yes,0.0
LN0080,CU4559,49,Female,Mumbai,Self-Employed,41045,364493,12,25.07,34655.33,Travel,Active,2023-02-12,,,582,No,0.0
LN0081,CU3001,50,Male,Mumbai,Salaried,28258,417506,12,17.85,38247.15,Medical,Closed,2022-03-12,2024-05-03,783.0,512,No,0.0
LN0082,CU4817,42,Male,Chennai,Salaried,87685,455052,6,35.7,83931.87,Business,Defaulted,2022-06-28,,,412,Yes,256076.12
LN0083,CU1422,29,Male,Delhi,Salaried,99874,13273,6,18.37,2332.19,Medical,Restructured,2023-06-23,2023-08-20,58.0,365,Yes,0.0
LN0084,CU8802,49,Female,Chennai,Salaried,133490,269156,6,34.69,49505.9,Education,Defaulted,2023-04-15,,,331,Yes,38375.67
LN0085,CU8847,46,Female,Hyderabad,Self-Employed,131277,43530,3,19.73,14989.73,Medical,Active,2022-05-10,,,581,No,0.0
LN0086,CU9984,41,Female,Chennai,Self-Employed,133938,270054,24,22.32,14052.62,Education,Closed,2023-03-17,2023-11-03,231.0,533,No,0.0
LN0087,CU8430,46,Female,Hyderabad,Self-Employed,126873,168852,12,20.98,15720.83,Medical,Restructured,2022-03-10,2022-06-11,93.0,387,Yes,0.0
LN0088,CU2527,48,Male,Delhi,Salaried,30723,312476,24,25.48,16752.67,Education,Restructured,2022-12-29,2024-03-06,433.0,352,Yes,0.0
LN0089,CU5712,40,Female,Hyderabad,Salaried,55561,349318,18,17.38,22185.4,Education,Defaulted,2023-07-24,,,676,Yes,63023.86
LN0090,CU5564,35,Female,Chennai,Salaried,85109,20179,6,18.56,3547.55,Travel,Defaulted,2022-12-26,,,306,Yes,4580.31
LN0091,CU3347,46,Male,Mumbai,Salaried,39053,396177,24,17.16,19618.36,Shopping,Restructured,2022-12-16,2023-05-26,161.0,678,Yes,0.0
LN0092,CU6105,41,Male,Hyderabad,Salaried,56264,400541,24,13.19,19078.21,Education,Defaulted,2023-03-30,,,734,Yes,176223.3
LN0093,CU8242,47,Female,Mumbai,Salaried,105484,230398,3,18.8,79218.18,Business,Restructured,2023-06-24,2024-05-30,341.0,615,Yes,0.0
LN0094,CU1744,35,Female,Chennai,Salaried,17015,112176,12,34.69,11196.12,Medical,Defaulted,2022-10-24,,,635,Yes,20639.15
LN0095,CU9149,48,Male,Mumbai,Self-Employed,75322,267281,24,32.0,15220.98,Travel,Active,2023-02-11,,,343,No,0.0
LN0096,CU8532,25,Female,Chennai,Self-Employed,121017,376981,18,18.95,24224.63,Shopping,Active,2022-11-29,,,475,No,0.0
LN0097,CU8538,44,Male,Bangalore,Salaried,78783,233419,24,21.61,12064.44,Education,Restructured,2022-11-14,2023-10-27,347.0,526,Yes,0.0
LN0098,CU6456,31,Male,Chennai,Salaried,148680,106661,12,20.43,9902.45,Medical,Closed,2022-04-16,2022-09-12,149.0,562,No,0.0
LN0099,CU3504,25,Male,Bangalore,Self-Employed,132677,362110,24,27.43,19770.65,Business,Defaulted,2023-10-05,,,623,Yes,74475.23
LN0100,CU2118,51,Female,Delhi,Self-Employed,29725,189519,24,13.78,9079.67,Shopping,Restructured,2022-02-08,2022-04-07,58.0,677,Yes,0.0
LN0101,CU5703,25,Male,Chennai,Self-Employed,136297,309259,24,34.9,18081.1,Education,Restructured,2023-08-09,2023-11-13,96.0,629,Yes,0.0
LN0102,CU8792,53,Male,Hyderabad,Self-Employed,42132,430180,12,35.58,43126.54,Education,Closed,2022-02-10,2022-10-21,253.0,748,No,0.0
LN0103,CU9586,54,Male,Delhi,Self-Employed,89158,208117,18,30.59,14561.06,Business,Active,2023-10-09,,,642,Yes,0.0
LN0104,CU2548,45,Female,Delhi,Salaried,102388,47730,24,27.93,2618.13,Travel,Defaulted,2023-11-03,,,701,Yes,9081.4
LN0105,CU2388,40,Female,Delhi,Salaried,39498,343703,18,24.2,22959.32,Education,Defaulted,2022-11-13,,,484,Yes,263214.12
LN0106,CU6598,52,Male,Mumbai,Salaried,55617,45456,12,32.27,4482.28,Education,Active,2023-11-09,,,644,No,0.0
LN0107,CU3147,45,Male,Mumbai,Salaried,58395,383107,18,13.05,23549.94,Travel,Closed,2023-03-31,2024-02-06,312.0,591,No,0.0
LN0108,CU8355,35,Male,Delhi,Self-Employed,65860,197854,24,35.63,11644.0,Shopping,Defaulted,2023-01-27,,,814,Yes,92837.42
LN0109,CU3655,33,Male,Delhi,Salaried,140983,463289,12,25.31,44102.66,Education,Active,2022-10-19,,,385,No,0.0
LN0110,CU5469,49,Male,Bangalore,Salaried,73205,433187,18,33.23,30885.0,Education,Restructured,2022-02-24,2023-04-05,405.0,814,Yes,0.0
LN0111,CU7126,36,Female,Hyderabad,Self-Employed,73861,19778,12,34.34,1970.57,Travel,Closed,2022-05-21,2022-06-29,39.0,593,No,0.0
LN0112,CU8740,29,Female,Bangalore,Salaried,35768,14963,12,17.18,1365.98,Medical,Restructured,2022-04-24,2024-06-26,794.0,595,Yes,0.0
LN0113,CU4893,40,Male,Hyderabad,Salaried,125054,339994,24,22.97,17801.55,Education,Restructured,2023-09-04,2024-06-04,274.0,316,Yes,0.0
LN0114,CU9443,36,Male,Delhi,Self-Employed,15410,327337,12,17.77,29974.44,Shopping,Closed,2023-11-12,2024-05-01,171.0,387,No,0.0
LN0115,CU6908,25,Male,Bangalore,Self-Employed,26412,338274,18,35.54,24515.82,Travel,Active,2023-01-01,,,369,No,0.0
LN0116,CU2698,42,Male,Hyderabad,Self-Employed,103748,431512,6,31.93,78762.9,Shopping,Restructured,2023-10-09,2024-01-10,93.0,438,Yes,0.0
LN0117,CU2033,50,Male,Delhi,Salaried,26483,419769,6,33.26,76902.9,Travel,Defaulted,2023-06-12,,,707,Yes,332619.03
LN0118,CU9897,51,Female,Hyderabad,Salaried,90002,192157,3,32.78,67583.16,Travel,Defaulted,2022-05-08,,,676,Yes,77989.99
LN0119,CU7553,49,Female,Delhi,Salaried,145076,367843,18,20.82,23967.94,Business,Defaulted,2022-03-26,,,734,Yes,57107.22
LN0120,CU3956,55,Female,Delhi,Salaried,35989,176924,12,19.36,16335.12,Business,Restructured,2022-06-20,2024-05-26,706.0,754,Yes,0.0
LN0121,CU6759,49,Male,Delhi,Self-Employed,86973,340266,3,13.8,116040.65,Shopping,Defaulted,2023-06-10,,,463,Yes,260967.89
LN0122,CU3339,49,Male,Mumbai,Salaried,76864,413166,12,20.69,38410.0,Business,Active,2023-09-12,,,457,No,0.0
LN0123,CU7077,44,Female,Hyderabad,Salaried,111193,213684,12,27.59,20578.95,Medical,Active,2022-01-27,,,490,No,0.0
LN0124,CU7340,28,Female,Delhi,Self-Employed,71248,325799,12,28.66,31546.85,Shopping,Closed,2022-05-06,2022-09-21,138.0,375,No,0.0
LN0125,CU8292,26,Female,Delhi,Salaried,91116,472314,12,32.43,46610.92,Medical,Defaulted,2023-06-05,,,529,Yes,87356.23
LN0126,CU4292,29,Male,Bangalore,Salaried,109606,295466,24,20.85,15160.95,Business,Closed,2023-09-19,2023-11-02,44.0,367,No,0.0
LN0127,CU8842,54,Female,Bangalore,Salaried,47853,171213,3,22.8,59253.3,Business,Defaulted,2022-05-12,,,486,Yes,109139.24
LN0128,CU3114,48,Male,Hyderabad,Salaried,94724,91327,6,19.74,16109.44,Medical,Defaulted,2023-06-16,,,590,Yes,63212.31
LN0129,CU5105,33,Female,Mumbai,Self-Employed,39491,268493,6,26.2,48229.92,Business,Closed,2022-06-25,2024-04-29,674.0,645,No,0.0
LN0130,CU1674,22,Male,Hyderabad,Self-Employed,70262,407107,24,22.0,21119.96,Education,Restructured,2023-10-05,2024-03-01,148.0,609,Yes,0.0
LN0131,CU8912,36,Female,Delhi,Self-Employed,34129,366031,3,15.79,125235.23,Shopping,Restructured,2023-04-21,2023-08-03,104.0,648,Yes,0.0
LN0132,CU3353,41,Female,Delhi,Self-Employed,49279,403807,12,24.36,38254.21,Education,Defaulted,2022-09-05,,,777,Yes,75013.34
LN0133,CU8366,36,Male,Hyderabad,Salaried,91077,206405,24,22.04,10711.99,Medical,Defaulted,2023-08-15,,,620,Yes,48068.4
LN0134,CU3610,52,Female,Bangalore,Self-Employed,145382,17151,3,34.69,6050.68,Business,Restructured,2022-09-04,2023-04-12,220.0,661,Yes,0.0
LN0135,CU1797,24,Female,Bangalore,Self-Employed,89907,286380,3,32.33,100649.28,Shopping,Closed,2022-09-28,2023-10-07,374.0,712,No,0.0
LN0136,CU7563,24,Male,Delhi,Self-Employed,34275,207558,24,22.81,10850.93,Business,Defaulted,2023-10-01,,,421,Yes,39449.38
LN0137,CU2584,46,Female,Delhi,Self-Employed,52818,109363,24,24.22,5794.16,Business,Active,2022-02-16,,,339,Yes,0.0
LN0138,CU6456,51,Female,Mumbai,Salaried,100974,493305,24,19.64,25020.48,Shopping,Defaulted,2023-08-31,,,644,Yes,224513.21
LN0139,CU9351,55,Female,Chennai,Self-Employed,139490,432687,3,20.84,149267.3,Education,Restructured,2023-08-21,2024-01-25,157.0,327,Yes,0.0
LN0140,CU8775,37,Male,Hyderabad,Self-Employed,59698,279848,24,30.59,15732.21,Shopping,Closed,2023-11-29,2024-01-30,62.0,332,No,0.0
LN0141,CU2800,33,Male,Bangalore,Self-Employed,124780,84393,18,28.57,5819.43,Shopping,Restructured,2022-03-05,2024-02-25,722.0,441,Yes,0.0
LN0142,CU9498,34,Female,Bangalore,Self-Employed,97248,95797,18,33.89,6862.14,Travel,Defaulted,2023-11-24,,,570,Yes,50490.15
LN0143,CU4150,36,Female,Chennai,Self-Employed,73947,498609,12,30.51,48733.13,Medical,Restructured,2022-11-21,2024-03-26,491.0,657,Yes,0.0
LN0144,CU5480,39,Male,Chennai,Self-Employed,118424,434065,12,34.91,43370.96,Medical,Defaulted,2022-02-13,,,594,Yes,333674.27
LN0145,CU2294,43,Female,Delhi,Self-Employed,71095,110941,24,18.51,5566.01,Business,Defaulted,2022-05-21,,,411,Yes,58906.78
LN0146,CU4920,36,Male,Chennai,Salaried,76036,32520,3,21.92,11238.41,Shopping,Active,2023-11-29,,,440,Yes,0.0
LN0147,CU3587,47,Female,Bangalore,Salaried,90299,173384,12,27.5,16690.21,Education,Closed,2023-07-02,2023-07-21,19.0,479,No,0.0
LN0148,CU3880,23,Female,Bangalore,Salaried,90882,464665,3,12.22,158053.55,Business,Active,2022-12-10,,,591,No,0.0
LN0149,CU9901,54,Female,Mumbai,Self-Employed,86522,106088,3,19.94,36544.34,Shopping,Defaulted,2022-07-10,,,314,Yes,65311.22
LN0150,CU5833,33,Male,Chennai,Self-Employed,127119,275155,12,14.08,24715.73,Education,Closed,2022-05-24,2023-09-24,488.0,631,No,0.0
LN0151,CU1111,37,Female,Mumbai,Self-Employed,84990,177818,12,25.98,16985.25,Business,Active,2022-09-25,,,668,No,0.0
LN0152,CU2017,28,Female,Delhi,Salaried,121277,364700,24,34.15,21178.54,Travel,Active,2023-10-17,,,602,No,0.0
LN0153,CU4618,35,Male,Bangalore,Salaried,134269,397028,24,20.97,20395.69,Business,Restructured,2023-07-05,2024-06-09,340.0,523,Yes,0.0
LN0154,CU5054,26,Female,Chennai,Self-Employed,35474,485900,24,14.69,23488.16,Business,Closed,2023-08-10,2024-05-10,274.0,453,No,0.0
LN0155,CU9525,49,Male,Mumbai,Self-Employed,38839,476276,24,22.69,24870.91,Education,Restructured,2022-05-16,2023-10-23,525.0,725,Yes,0.0
LN0156,CU8484,24,Female,Delhi,Salaried,118795,138408,3,29.9,48453.97,Business,Active,2022-02-16,,,733,No,0.0
LN0157,CU2044,55,Male,Hyderabad,Self-Employed,23319,155518,18,16.32,9798.84,Medical,Restructured,2023-01-19,2024-02-14,391.0,759,Yes,0.0
LN0158,CU7184,45,Male,Chennai,Salaried,106165,67197,6,35.83,12398.57,Shopping,Closed,2022-08-17,2022-08-20,3.0,323,No,0.0
LN0159,CU8585,55,Female,Chennai,Self-Employed,75205,134767,18,20.31,8748.04,Travel,Closed,2022-04-26,2022-05-28,32.0,729,No,0.0
LN0160,CU1256,36,Male,Hyderabad,Salaried,23801,239063,24,28.13,13137.65,Education,Closed,2022-02-15,2023-04-02,411.0,749,No,0.0
LN0161,CU4559,24,Male,Chennai,Self-Employed,76384,432706,24,19.65,21949.01,Business,Defaulted,2022-08-31,,,609,Yes,308684.16
LN0162,CU9540,35,Female,Delhi,Self-Employed,30979,296880,24,33.11,17078.35,Medical,Restructured,2023-07-24,2024-04-02,253.0,348,Yes,0.0
LN0163,CU6642,45,Female,Bangalore,Self-Employed,54116,162227,18,16.41,10228.48,Business,Restructured,2022-09-04,2023-04-22,230.0,607,Yes,0.0
LN0164,CU3365,50,Male,Chennai,Self-Employed,124185,297178,24,15.22,14440.25,Medical,Defaulted,2022-07-28,,,638,Yes,164248.53
LN0165,CU8369,44,Male,Chennai,Salaried,28510,145751,18,28.17,10021.45,Business,Active,2022-03-16,,,492,No,0.0
LN0166,CU4555,51,Male,Delhi,Self-Employed,19019,116048,6,35.09,21368.36,Education,Restructured,2022-09-06,2024-05-16,618.0,509,Yes,0.0
LN0167,CU7498,36,Female,Delhi,Self-Employed,137224,284786,12,19.4,26299.3,Travel,Restructured,2023-04-23,2023-06-12,50.0,780,Yes,0.0
LN0168,CU6246,34,Female,Delhi,Self-Employed,26984,299924,6,29.79,54419.33,Education,Defaulted,2023-07-21,,,727,Yes,91967.08
LN0169,CU4214,42,Male,Bangalore,Salaried,145888,293695,12,18.18,26951.12,Shopping,Restructured,2023-04-17,2023-07-12,86.0,660,Yes,0.0
LN0170,CU3773,29,Female,Mumbai,Salaried,23866,444913,3,34.68,156957.72,Education,Active,2023-02-27,,,440,No,0.0
LN0171,CU4791,25,Male,Hyderabad,Salaried,147574,244080,12,13.45,21852.13,Business,Restructured,2023-11-07,2024-03-10,124.0,316,Yes,0.0
LN0172,CU1108,55,Female,Hyderabad,Salaried,87021,285881,12,12.41,25455.05,Shopping,Closed,2022-04-20,2022-07-27,98.0,836,Yes,0.0
LN0173,CU4144,54,Female,Delhi,Self-Employed,119044,46428,12,35.02,4641.54,Shopping,Closed,2023-12-15,2024-02-10,57.0,607,No,0.0
LN0174,CU2320,23,Male,Bangalore,Self-Employed,113872,294774,18,13.35,18161.33,Education,Closed,2022-03-26,2023-08-19,511.0,744,No,0.0
LN0175,CU6427,27,Male,Mumbai,Salaried,139649,147131,3,34.18,51863.67,Travel,Active,2022-07-03,,,622,Yes,0.0
LN0176,CU4394,30,Female,Hyderabad,Self-Employed,57585,300676,6,25.6,53920.21,Shopping,Defaulted,2023-01-29,,,443,Yes,196446.26
LN0177,CU2284,53,Female,Hyderabad,Salaried,129580,126710,3,20.17,43664.41,Business,Restructured,2022-12-01,2022-12-31,30.0,579,Yes,0.0
LN0178,CU8381,52,Male,Delhi,Self-Employed,128206,102380,24,27.86,5612.18,Education,Defaulted,2022-09-10,,,375,Yes,16117.34
LN0179,CU3526,45,Male,Bangalore,Self-Employed,109555,60863,3,12.12,20698.85,Travel,Restructured,2023-01-04,2023-10-07,276.0,404,Yes,0.0
LN0180,CU3170,26,Male,Bangalore,Self-Employed,149333,218932,3,12.63,74518.87,Travel,Active,2023-09-04,,,632,No,0.0
LN0181,CU1202,39,Female,Bangalore,Salaried,78633,304871,24,16.07,14937.63,Shopping,Closed,2022-05-23,2023-02-22,275.0,608,No,0.0
LN0182,CU3390,25,Male,Bangalore,Self-Employed,125389,162156,18,30.78,11360.83,Travel,Defaulted,2022-09-10,,,807,Yes,83618.09
LN0183,CU4203,50,Male,Mumbai,Self-Employed,16774,212456,12,32.2,20942.31,Shopping,Defaulted,2023-03-27,,,642,Yes,85286.5
LN0184,CU3230,40,Female,Chennai,Salaried,140569,169722,6,35.15,31256.74,Travel,Defaulted,2023-12-13,,,802,Yes,131947.68
LN0185,CU4971,41,Female,Delhi,Self-Employed,110686,64710,24,16.8,3193.19,Business,Closed,2023-11-30,2024-06-13,196.0,327,No,0.0
LN0186,CU8563,34,Female,Delhi,Salaried,122254,357834,18,15.34,22380.7,Travel,Closed,2022-09-16,2023-02-20,157.0,733,No,0.0
LN0187,CU2211,49,Female,Chennai,Self-Employed,147805,489177,18,25.05,32880.69,Travel,Active,2022-04-22,,,554,No,0.0
LN0188,CU6816,31,Male,Chennai,Self-Employed,101926,422454,18,14.54,26263.34,Education,Defaulted,2022-08-16,,,822,Yes,263103.13
LN0189,CU4621,49,Female,Bangalore,Self-Employed,146194,84033,12,35.94,8439.61,Shopping,Active,2022-10-30,,,725,No,0.0
LN0190,CU2406,28,Male,Delhi,Self-Employed,104932,243725,6,24.51,43573.63,Travel,Restructured,2022-04-10,2023-07-02,448.0,763,Yes,0.0
LN0191,CU6225,25,Female,Hyderabad,Salaried,20920,450214,12,27.55,43349.29,Medical,Closed,2023-06-13,2023-09-10,89.0,463,No,0.0
LN0192,CU7985,50,Male,Bangalore,Salaried,63860,340795,18,21.49,22315.84,Business,Closed,2023-04-06,2024-02-03,303.0,739,No,0.0
LN0193,CU4519,34,Female,Hyderabad,Salaried,64010,196780,12,16.73,17922.07,Education,Defaulted,2023-11-18,,,801,Yes,92368.63
LN0194,CU6134,45,Female,Chennai,Salaried,106206,189541,18,26.82,12905.5,Travel,Active,2023-11-20,,,437,No,0.0
LN0195,CU4908,40,Male,Mumbai,Self-Employed,52056,272819,18,22.04,17937.32,Medical,Restructured,2023-03-10,2023-06-13,95.0,798,Yes,0.0
LN0196,CU9804,32,Male,Bangalore,Self-Employed,51777,103093,12,32.21,10162.64,Business,Active,2023-01-03,,,309,No,0.0
LN0197,CU4196,45,Female,Bangalore,Self-Employed,123955,377319,18,23.73,25118.21,Education,Active,2022-08-14,,,599,Yes,0.0
LN0198,CU4683,55,Female,Mumbai,Self-Employed,144843,293214,24,14.72,14177.99,Education,Defaulted,2023-07-11,,,675,Yes,140575.7
LN0199,CU1681,49,Male,Bangalore,Salaried,79888,161085,3,22.79,55747.3,Travel,Active,2023-03-26,,,420,No,0.0
LN0200,CU4882,34,Female,Chennai,Self-Employed,58511,328040,6,30.84,59695.15,Medical,Active,2023-08-07,,,659,No,0.0
LN0201,CU9827,31,Female,Delhi,Self-Employed,85082,454847,24,35.65,26773.23,Education,Closed,2023-02-26,2024-06-10,470.0,360,No,0.0
LN0202,CU3078,29,Male,Mumbai,Self-Employed,79894,404231,18,23.75,26913.69,Business,Defaulted,2023-10-05,,,724,Yes,146582.5
LN0203,CU2237,26,Female,Chennai,Self-Employed,111749,243391,18,19.85,15745.24,Education,Active,2023-04-15,,,666,No,0.0
LN0204,CU9756,46,Male,Bangalore,Salaried,144686,145790,12,31.88,14347.81,Travel,Closed,2023-08-03,2024-04-07,248.0,651,No,0.0
LN0205,CU1793,23,Male,Bangalore,Salaried,47568,492290,6,22.59,87538.29,Education,Restructured,2022-07-27,2022-12-09,135.0,609,Yes,0.0
LN0206,CU3604,38,Male,Delhi,Self-Employed,36606,199953,6,13.24,34624.19,Travel,Closed,2023-03-16,2024-02-14,335.0,393,No,0.0
LN0207,CU1017,34,Female,Hyderabad,Salaried,74294,277338,18,12.22,16941.0,Travel,Active,2023-03-09,,,435,No,0.0
LN0208,CU4751,45,Male,Hyderabad,Salaried,97143,197708,12,15.29,17871.86,Medical,Closed,2022-03-12,2023-09-06,543.0,308,No,0.0
LN0209,CU3688,49,Female,Mumbai,Salaried,122927,328001,18,32.64,23287.56,Education,Active,2022-05-24,,,426,No,0.0
LN0210,CU7291,43,Female,Delhi,Salaried,79955,150210,3,17.96,51576.18,Business,Defaulted,2023-12-09,,,327,Yes,104174.31
LN0211,CU5942,34,Male,Bangalore,Self-Employed,29304,415937,6,23.88,74230.43,Education,Closed,2023-05-27,2024-04-17,326.0,372,No,0.0
LN0212,CU1197,44,Female,Mumbai,Self-Employed,125326,196581,24,28.39,10829.14,Shopping,Active,2022-01-18,,,369,Yes,0.0
LN0213,CU4534,23,Male,Bangalore,Self-Employed,146346,407186,18,22.17,26797.35,Shopping,Active,2023-10-18,,,849,No,0.0
LN0214,CU3501,38,Male,Delhi,Salaried,149035,487829,6,35.38,89897.87,Medical,Defaulted,2023-02-05,,,367,Yes,154699.67
LN0215,CU8167,36,Male,Mumbai,Salaried,128897,65810,18,26.7,4476.98,Education,Defaulted,2023-11-14,,,479,Yes,12083.38
LN0216,CU3248,21,Male,Bangalore,Self-Employed,82960,92536,12,15.05,8354.33,Travel,Active,2022-01-31,,,643,No,0.0
LN0217,CU5456,54,Male,Delhi,Salaried,145062,243654,24,20.64,12477.28,Shopping,Closed,2023-01-12,2023-06-22,161.0,561,No,0.0
LN0218,CU2889,35,Male,Hyderabad,Salaried,79107,29107,18,20.74,1895.43,Medical,Closed,2022-02-06,2023-08-26,566.0,729,No,0.0
LN0219,CU5067,47,Female,Delhi,Salaried,112729,67600,24,28.16,3715.98,Education,Closed,2022-08-17,2024-01-27,528.0,347,No,0.0
LN0220,CU2129,50,Female,Delhi,Self-Employed,37645,294979,18,12.19,18014.47,Medical,Defaulted,2023-08-01,,,611,Yes,182209.47
LN0221,CU4974,50,Female,Chennai,Self-Employed,66228,389021,24,30.25,21801.35,Medical,Closed,2022-01-07,2023-03-02,419.0,324,No,0.0
LN0222,CU6675,21,Female,Hyderabad,Self-Employed,95612,59499,6,24.72,10643.63,Medical,Restructured,2023-05-19,2023-06-18,30.0,445,Yes,0.0
LN0223,CU5584,26,Male,Mumbai,Self-Employed,112646,245364,3,25.94,85349.17,Business,Closed,2023-10-15,2024-05-03,201.0,376,No,0.0
LN0224,CU2020,48,Male,Mumbai,Self-Employed,83417,451123,12,34.23,44922.63,Shopping,Defaulted,2022-11-22,,,763,Yes,130992.18
LN0225,CU2223,33,Male,Chennai,Salaried,55739,60395,6,22.79,10745.41,Travel,Restructured,2022-05-04,2023-11-03,548.0,666,Yes,0.0
LN0226,CU4401,49,Female,Bangalore,Self-Employed,46434,52406,6,31.38,9550.93,Travel,Active,2022-08-09,,,635,Yes,0.0
LN0227,CU5066,43,Female,Chennai,Salaried,93339,141402,6,12.75,24451.12,Shopping,Restructured,2023-07-24,2024-04-30,281.0,555,Yes,0.0
LN0228,CU2551,50,Male,Mumbai,Salaried,18134,37332,6,15.14,6499.62,Shopping,Defaulted,2023-12-04,,,386,Yes,18950.72
LN0229,CU5240,25,Male,Hyderabad,Salaried,131242,429305,6,14.21,74545.41,Travel,Active,2022-02-13,,,772,Yes,0.0
LN0230,CU8096,46,Female,Hyderabad,Self-Employed,126847,95600,12,17.15,8725.98,Medical,Defaulted,2022-10-14,,,756,Yes,68678.72
LN0231,CU1567,36,Female,Bangalore,Self-Employed,140575,36970,3,18.71,12709.6,Medical,Restructured,2022-07-24,2024-05-12,658.0,838,Yes,0.0
LN0232,CU5082,55,Male,Bangalore,Self-Employed,140746,290484,18,20.26,18849.0,Business,Defaulted,2023-02-02,,,576,Yes,65611.94
LN0233,CU6224,35,Male,Delhi,Salaried,138649,282574,12,30.4,27602.96,Medical,Closed,2022-04-13,2022-12-22,253.0,546,No,0.0
LN0234,CU1916,35,Female,Delhi,Salaried,61163,129020,24,19.63,6543.28,Travel,Active,2023-12-22,,,660,No,0.0
LN0235,CU3328,33,Female,Chennai,Self-Employed,61021,262129,3,14.17,89447.95,Medical,Closed,2022-01-21,2023-07-14,539.0,789,Yes,0.0
LN0236,CU4300,29,Female,Mumbai,Self-Employed,30612,16488,6,26.08,2960.78,Medical,Active,2023-06-23,,,673,No,0.0
LN0237,CU7120,46,Male,Delhi,Self-Employed,99568,76539,6,29.58,13879.39,Shopping,Restructured,2023-10-27,2024-01-16,81.0,478,Yes,0.0
LN0238,CU6846,35,Male,Bangalore,Self-Employed,92205,71767,6,29.49,13010.78,Business,Restructured,2023-08-05,2023-08-21,16.0,486,Yes,0.0
LN0239,CU6213,35,Male,Bangalore,Salaried,101813,395774,3,17.71,135837.66,Travel,Closed,2023-10-14,2023-11-28,45.0,643,No,0.0
LN0240,CU5345,34,Male,Hyderabad,Self-Employed,82281,417625,3,29.29,146058.64,Education,Restructured,2023-03-25,2024-04-03,375.0,729,Yes,0.0
LN0241,CU3725,47,Female,Bangalore,Self-Employed,113395,58177,18,30.93,4080.33,Business,Closed,2022-06-16,2023-09-21,462.0,375,No,0.0
LN0242,CU1547,39,Male,Delhi,Self-Employed,42453,43902,12,16.08,3984.93,Shopping,Closed,2022-03-18,2023-09-29,560.0,395,No,0.0
LN0243,CU8909,22,Female,Mumbai,Self-Employed,56183,33078,3,19.95,11394.63,Medical,Restructured,2023-12-15,2024-05-04,141.0,571,Yes,0.0
LN0244,CU5612,40,Male,Hyderabad,Salaried,117996,304772,24,32.16,17381.35,Medical,Active,2023-01-05,,,303,No,0.0
LN0245,CU5825,51,Male,Hyderabad,Salaried,69251,94565,12,35.45,9474.22,Shopping,Active,2022-11-12,,,707,No,0.0
LN0246,CU5341,26,Female,Mumbai,Self-Employed,114993,198672,6,22.7,35338.52,Travel,Restructured,2023-04-22,2023-09-03,134.0,531,Yes,0.0
LN0247,CU5400,24,Male,Hyderabad,Salaried,105122,428719,24,21.94,22228.45,Business,Closed,2023-07-21,2023-08-21,31.0,696,No,0.0
LN0248,CU7858,55,Female,Chennai,Salaried,139849,161684,3,21.48,55835.51,Education,Closed,2022-05-04,2024-06-17,775.0,759,No,0.0
LN0249,CU3738,34,Male,Mumbai,Salaried,125985,46087,18,16.85,2915.41,Medical,Defaulted,2022-11-24,,,368,Yes,7416.28
LN0250,CU7510,41,Female,Chennai,Self-Employed,18241,417379,24,26.1,22507.17,Shopping,Active,2023-03-01,,,453,Yes,0.0
LN0251,CU2641,27,Male,Delhi,Self-Employed,122712,143483,18,27.71,9832.73,Business,Restructured,2022-02-08,2022-08-03,176.0,582,Yes,0.0
LN0252,CU7602,30,Female,Hyderabad,Self-Employed,101899,367028,6,13.18,63544.27,Shopping,Defaulted,2023-01-17,,,320,Yes,123507.22
LN0253,CU5965,40,Female,Bangalore,Salaried,74757,75456,12,35.38,7557.11,Shopping,Defaulted,2022-10-03,,,726,Yes,39500.11
LN0254,CU2462,33,Female,Mumbai,Self-Employed,141998,403193,24,32.81,23130.95,Education,Closed,2022-03-09,2023-01-21,318.0,818,No,0.0
LN0255,CU9589,22,Male,Mumbai,Salaried,30106,135804,3,22.95,47010.43,Travel,Closed,2022-10-08,2023-10-20,377.0,775,No,0.0
LN0256,CU3029,22,Male,Delhi,Self-Employed,131943,98104,18,26.09,6644.37,Travel,Defaulted,2022-06-17,,,564,Yes,61243.66
LN0257,CU2480,39,Male,Bangalore,Salaried,57705,452648,24,30.72,25476.89,Medical,Closed,2023-10-25,2023-12-21,57.0,511,No,0.0
LN0258,CU7709,53,Male,Hyderabad,Self-Employed,49685,344409,6,26.43,61906.75,Education,Closed,2022-09-16,2024-05-30,622.0,612,No,0.0
LN0259,CU5511,48,Female,Delhi,Self-Employed,81059,119404,18,19.25,7690.0,Business,Restructured,2023-08-22,2023-10-13,52.0,307,Yes,0.0
LN0260,CU9380,44,Female,Delhi,Salaried,141284,38469,12,35.72,3859.29,Travel,Defaulted,2022-09-25,,,605,Yes,8919.12
LN0261,CU9475,36,Male,Chennai,Self-Employed,98777,361912,6,29.31,65578.82,Shopping,Defaulted,2022-09-23,,,728,Yes,138691.64
LN0262,CU1578,33,Female,Mumbai,Self-Employed,108977,270979,12,32.29,26723.14,Business,Closed,2022-10-28,2023-02-04,99.0,782,Yes,0.0
LN0263,CU5237,32,Female,Hyderabad,Salaried,108135,122088,12,22.09,11432.04,Travel,Defaulted,2022-09-24,,,601,Yes,51842.53
LN0264,CU2929,51,Male,Chennai,Salaried,138789,471315,6,24.01,84144.26,Shopping,Defaulted,2023-02-28,,,355,Yes,334442.49
LN0265,CU3470,29,Male,Delhi,Self-Employed,134949,80090,12,32.7,7914.5,Medical,Active,2023-05-15,,,640,No,0.0
LN0266,CU3897,41,Male,Hyderabad,Self-Employed,86703,114776,6,25.83,20596.06,Medical,Restructured,2022-04-01,2022-08-11,132.0,744,Yes,0.0
LN0267,CU8035,46,Female,Bangalore,Self-Employed,16223,24778,24,16.79,1222.58,Travel,Active,2022-11-26,,,843,No,0.0
LN0268,CU1067,36,Male,Delhi,Self-Employed,48798,58848,18,24.08,3927.59,Travel,Closed,2022-03-08,2024-06-28,843.0,346,No,0.0
LN0269,CU5764,50,Female,Bangalore,Salaried,104845,477584,18,20.62,31072.39,Medical,Closed,2023-02-18,2023-02-27,9.0,533,No,0.0
LN0270,CU3149,34,Male,Chennai,Salaried,47286,197199,3,21.0,68046.96,Travel,Active,2023-09-01,,,349,No,0.0
LN0271,CU1323,24,Male,Bangalore,Self-Employed,114681,69799,24,18.07,3487.01,Medical,Closed,2023-12-13,2024-06-05,175.0,309,No,0.0
LN0272,CU2654,54,Female,Chennai,Salaried,124792,440501,3,24.28,152815.21,Business,Active,2022-10-17,,,416,No,0.0
LN0273,CU9154,33,Male,Delhi,Salaried,108827,373803,18,19.09,24045.47,Education,Restructured,2022-08-01,2023-12-06,492.0,638,Yes,0.0
LN0274,CU4842,21,Male,Hyderabad,Salaried,144526,83194,3,30.71,29162.67,Education,Active,2022-09-20,,,536,No,0.0
LN0275,CU5850,37,Female,Hyderabad,Salaried,60797,463301,3,32.45,162860.23,Travel,Defaulted,2023-03-13,,,418,Yes,77139.12
LN0276,CU1751,21,Male,Mumbai,Self-Employed,108723,473990,18,34.92,34201.5,Travel,Active,2023-01-17,,,650,No,0.0
LN0277,CU7566,46,Female,Delhi,Self-Employed,140369,424377,18,27.57,29052.63,Medical,Active,2022-05-16,,,360,No,0.0
LN0278,CU3611,27,Female,Chennai,Self-Employed,129861,100032,24,21.11,5145.62,Travel,Active,2023-12-02,,,433,No,0.0
LN0279,CU8997,28,Female,Bangalore,Salaried,31603,142160,12,12.3,12650.7,Business,Closed,2023-11-17,2024-06-27,223.0,646,No,0.0
LN0280,CU2560,48,Male,Bangalore,Self-Employed,115893,82937,24,33.41,4784.06,Business,Active,2022-01-12,,,460,No,0.0
LN0281,CU8688,52,Male,Hyderabad,Self-Employed,99052,131296,12,35.28,13143.07,Education,Closed,2023-07-18,2024-06-11,329.0,687,No,0.0
LN0282,CU4850,26,Female,Bangalore,Self-Employed,38073,454099,18,22.73,30008.24,Education,Restructured,2023-11-01,2023-11-05,4.0,405,Yes,0.0
LN0283,CU7609,47,Male,Chennai,Salaried,38827,420122,24,35.12,24611.56,Travel,Closed,2023-11-02,2024-04-21,171.0,767,No,0.0
LN0284,CU6953,24,Male,Bangalore,Self-Employed,139029,380735,12,29.18,36963.36,Education,Active,2023-11-06,,,527,Yes,0.0
LN0285,CU6818,39,Female,Hyderabad,Salaried,58032,263171,6,31.72,48007.97,Shopping,Active,2022-09-18,,,500,No,0.0
LN0286,CU7437,34,Female,Mumbai,Self-Employed,43250,401964,18,13.12,24722.23,Business,Active,2023-04-07,,,768,No,0.0
LN0287,CU9260,29,Female,Hyderabad,Salaried,128458,444781,24,23.59,23425.14,Business,Closed,2023-12-10,2024-05-06,148.0,477,No,0.0
LN0288,CU3103,27,Female,Chennai,Self-Employed,147149,467102,18,22.05,30713.31,Business,Closed,2022-10-08,2023-11-19,407.0,651,No,0.0
LN0289,CU8419,29,Male,Bangalore,Self-Employed,97289,378227,24,27.18,20602.6,Medical,Closed,2023-10-02,2024-02-27,148.0,653,No,0.0
LN0290,CU3173,32,Female,Hyderabad,Self-Employed,140926,310558,24,34.62,18111.23,Shopping,Defaulted,2023-03-09,,,313,Yes,144692.39
LN0291,CU1414,45,Male,Hyderabad,Salaried,67403,144973,6,35.6,26732.09,Travel,Closed,2022-03-05,2024-02-10,707.0,602,No,0.0
LN0292,CU9866,23,Female,Bangalore,Salaried,73800,394238,24,21.33,20322.13,Business,Defaulted,2023-12-11,,,348,Yes,295102.66
LN0293,CU7349,47,Female,Chennai,Salaried,18398,394897,12,16.87,35992.12,Shopping,Closed,2023-10-11,2024-04-16,188.0,501,No,0.0
LN0294,CU4170,39,Female,Mumbai,Salaried,64014,96118,24,14.86,4654.05,Education,Restructured,2022-10-13,2024-05-04,569.0,570,Yes,0.0
LN0295,CU3131,31,Female,Hyderabad,Self-Employed,137245,377081,6,12.96,65243.71,Travel,Active,2023-10-03,,,608,No,0.0
LN0296,CU6866,25,Female,Chennai,Salaried,63200,277947,3,30.87,97456.15,Medical,Restructured,2023-07-11,2024-04-10,274.0,713,Yes,0.0
LN0297,CU2506,43,Male,Mumbai,Self-Employed,101787,194161,12,17.24,17730.53,Business,Restructured,2023-07-29,2024-06-25,332.0,309,Yes,0.0
LN0298,CU2879,43,Female,Mumbai,Salaried,25453,362853,12,21.15,33812.74,Education,Restructured,2022-09-20,2024-03-26,553.0,589,Yes,0.0
LN0299,CU1404,54,Female,Chennai,Self-Employed,142612,27990,12,33.56,2777.91,Medical,Defaulted,2023-06-11,,,384,Yes,21377.31
LN0300,CU3742,55,Male,Hyderabad,Salaried,70882,458483,18,32.06,32417.24,Medical,Restructured,2023-10-25,2024-05-21,209.0,373,Yes,0.0
LN0301,CU3519,22,Female,Delhi,Salaried,37943,43403,3,16.27,14861.74,Travel,Active,2023-08-12,,,533,No,0.0
LN0302,CU7678,45,Female,Bangalore,Self-Employed,97943,13855,18,28.16,952.56,Business,Active,2023-10-19,,,364,No,0.0
LN0303,CU1745,25,Female,Chennai,Salaried,90978,417557,12,26.56,40003.15,Travel,Restructured,2023-01-26,2024-03-05,404.0,331,Yes,0.0
LN0304,CU8765,31,Male,Mumbai,Self-Employed,92326,337422,6,19.15,59419.51,Travel,Active,2023-07-21,,,444,Yes,0.0
LN0305,CU1082,46,Male,Delhi,Salaried,105138,116011,18,33.74,8301.27,Business,Closed,2022-06-14,2022-12-19,188.0,526,No,0.0
LN0306,CU5140,33,Male,Mumbai,Salaried,135917,342995,24,13.76,16429.32,Education,Defaulted,2022-04-11,,,502,Yes,208510.94
LN0307,CU8982,42,Female,Mumbai,Salaried,41226,154493,24,13.68,7394.32,Medical,Defaulted,2023-05-13,,,761,Yes,50958.32
LN0308,CU6008,30,Female,Delhi,Self-Employed,59207,7533,12,17.91,690.3,Medical,Restructured,2022-10-11,2023-10-14,368.0,437,Yes,0.0
LN0309,CU6432,51,Female,Bangalore,Self-Employed,95077,260313,24,14.61,12573.52,Business,Active,2022-10-15,,,443,No,0.0
LN0310,CU4218,37,Male,Hyderabad,Salaried,147953,336154,3,31.5,117984.83,Business,Restructured,2023-08-28,2023-12-14,108.0,337,Yes,0.0
LN0311,CU5269,55,Female,Mumbai,Self-Employed,117891,122076,24,29.6,6800.5,Travel,Closed,2023-04-21,2024-01-02,256.0,822,Yes,0.0
LN0312,CU6961,53,Male,Mumbai,Salaried,149777,78594,18,15.82,4933.45,Business,Closed,2023-05-11,2023-11-10,183.0,341,No,0.0
LN0313,CU8989,35,Male,Delhi,Self-Employed,76346,27443,6,24.43,4905.21,Travel,Restructured,2023-04-26,2023-12-14,232.0,347,Yes,0.0
LN0314,CU1653,41,Male,Chennai,Self-Employed,84026,308369,24,25.68,16563.52,Shopping,Restructured,2023-01-10,2023-03-30,79.0,829,Yes,0.0
LN0315,CU5121,45,Male,Chennai,Self-Employed,107510,433467,12,23.68,40921.37,Shopping,Active,2023-05-29,,,442,No,0.0
LN0316,CU4768,25,Female,Mumbai,Salaried,63996,87500,12,26.45,8378.06,Education,Closed,2023-03-01,2024-04-19,415.0,638,No,0.0
LN0317,CU8889,51,Female,Mumbai,Salaried,122714,16768,6,13.04,2901.91,Business,Closed,2022-05-18,2024-02-21,644.0,824,Yes,0.0
LN0318,CU3406,24,Male,Delhi,Salaried,121287,319235,24,27.3,17408.66,Travel,Active,2022-08-10,,,759,No,0.0
LN0319,CU8723,51,Male,Mumbai,Self-Employed,52411,421607,24,31.69,23941.55,Medical,Defaulted,2022-06-21,,,650,Yes,314369.73
LN0320,CU2127,35,Female,Bangalore,Salaried,43461,13683,6,24.55,2446.55,Business,Restructured,2022-06-03,2024-02-13,620.0,398,Yes,0.0
LN0321,CU3906,51,Male,Chennai,Salaried,39429,257833,6,33.65,47286.86,Business,Active,2023-11-26,,,741,No,0.0
LN0322,CU7068,23,Female,Mumbai,Self-Employed,114938,188772,24,31.31,10682.48,Business,Active,2023-03-12,,,437,No,0.0
LN0323,CU4809,26,Female,Chennai,Self-Employed,82582,104101,3,29.02,36392.04,Education,Active,2023-06-17,,,307,No,0.0
LN0324,CU4365,41,Female,Delhi,Salaried,55574,228384,24,18.09,11411.8,Business,Restructured,2023-08-02,2024-02-05,187.0,582,Yes,0.0
LN0325,CU7511,34,Female,Chennai,Self-Employed,61850,199098,24,25.32,10658.16,Travel,Defaulted,2023-08-15,,,652,Yes,127808.2
LN0326,CU7522,29,Male,Mumbai,Self-Employed,57413,57574,6,24.2,10284.23,Travel,Active,2022-06-14,,,698,No,0.0
LN0327,CU1086,26,Male,Bangalore,Self-Employed,38105,38596,12,17.32,3526.0,Education,Active,2023-01-29,,,710,No,0.0
LN0328,CU9536,39,Male,Mumbai,Self-Employed,130073,10615,6,32.41,1940.12,Business,Defaulted,2022-07-19,,,334,Yes,6886.71
LN0329,CU9364,54,Male,Chennai,Salaried,24453,193607,6,27.72,34926.32,Medical,Active,2022-10-10,,,709,No,0.0
LN0330,CU7474,46,Male,Chennai,Salaried,32987,486913,3,25.19,169165.59,Business,Defaulted,2022-12-22,,,583,Yes,125821.66
LN0331,CU4187,50,Female,Chennai,Salaried,83447,96768,18,24.15,6461.73,Business,Active,2023-05-31,,,601,No,0.0
LN0332,CU2917,53,Female,Chennai,Self-Employed,131069,202698,24,23.61,10677.45,Medical,Defaulted,2023-04-15,,,771,Yes,147476.31
LN0333,CU1448,51,Male,Delhi,Salaried,115315,337221,6,28.25,60924.2,Medical,Defaulted,2023-02-27,,,661,Yes,155645.35
LN0334,CU1159,37,Male,Delhi,Salaried,119577,358211,12,13.82,32132.4,Medical,Restructured,2022-11-18,2023-11-15,362.0,523,Yes,0.0
LN0335,CU5408,32,Male,Bangalore,Salaried,76567,390576,6,32.95,71493.15,Medical,Closed,2022-07-27,2023-04-08,255.0,664,No,0.0
LN0336,CU2747,28,Male,Bangalore,Salaried,26079,449601,18,20.91,29314.65,Travel,Restructured,2023-08-12,2023-12-30,140.0,802,Yes,0.0
LN0337,CU3996,53,Female,Bangalore,Salaried,48618,33389,24,31.18,1887.21,Shopping,Active,2023-05-30,,,655,No,0.0
LN0338,CU3863,50,Male,Chennai,Self-Employed,97746,366344,3,12.28,124622.43,Medical,Restructured,2023-08-18,2023-10-08,51.0,633,Yes,0.0
LN0339,CU6924,37,Male,Chennai,Self-Employed,77164,146247,18,35.0,10558.65,Travel,Defaulted,2022-07-08,,,810,Yes,58024.96
LN0340,CU7866,44,Female,Bangalore,Self-Employed,133155,99313,24,15.15,4822.44,Business,Closed,2022-04-13,2024-04-20,738.0,576,No,0.0
LN0341,CU8081,45,Male,Mumbai,Salaried,138990,427402,3,16.24,146340.73,Shopping,Closed,2023-10-08,2024-06-28,264.0,846,No,0.0
LN0342,CU8972,40,Female,Chennai,Salaried,119438,56891,6,13.44,9856.97,Travel,Restructured,2023-10-07,2023-11-25,49.0,760,Yes,0.0
LN0343,CU6483,37,Female,Delhi,Self-Employed,105214,15399,18,14.91,960.01,Business,Closed,2023-08-14,2024-06-03,294.0,478,No,0.0
LN0344,CU5663,43,Female,Chennai,Self-Employed,132160,471423,3,21.15,162712.48,Travel,Restructured,2023-10-09,2023-12-22,74.0,471,Yes,0.0
LN0345,CU6527,47,Female,Hyderabad,Salaried,57467,185158,6,19.52,32640.23,Travel,Defaulted,2023-09-12,,,704,Yes,53672.43
LN0346,CU8289,44,Female,Bangalore,Salaried,63204,452853,3,15.0,154740.4,Medical,Defaulted,2023-12-19,,,381,Yes,112035.85
LN0347,CU7505,27,Male,Hyderabad,Self-Employed,29110,18822,18,24.58,1260.81,Education,Active,2022-09-26,,,459,Yes,0.0
LN0348,CU7387,40,Male,Mumbai,Self-Employed,131171,333456,6,15.15,58057.44,Medical,Active,2022-02-05,,,665,No,0.0
LN0349,CU6328,51,Female,Chennai,Self-Employed,131613,75839,24,16.25,3722.38,Business,Restructured,2023-10-09,2024-05-18,222.0,836,Yes,0.0
LN0350,CU9745,40,Female,Bangalore,Salaried,38476,236662,12,20.78,22011.51,Travel,Closed,2022-11-07,2022-11-17,10.0,300,No,0.0
LN0351,CU3233,43,Female,Bangalore,Salaried,143956,401085,18,19.19,25819.64,Shopping,Defaulted,2023-09-04,,,536,Yes,263808.51
LN0352,CU9981,44,Male,Bangalore,Self-Employed,118481,136017,6,29.16,24636.1,Shopping,Restructured,2022-08-14,2023-05-10,269.0,381,Yes,0.0
LN0353,CU7917,36,Female,Delhi,Self-Employed,123240,103566,3,16.38,35468.71,Travel,Active,2023-10-15,,,766,No,0.0
LN0354,CU5458,52,Male,Delhi,Salaried,54885,31021,24,12.53,1467.96,Education,Defaulted,2022-10-03,,,428,Yes,18632.37
LN0355,CU1134,35,Male,Mumbai,Salaried,144388,118869,12,22.09,11130.62,Shopping,Defaulted,2023-04-20,,,332,Yes,39366.33
LN0356,CU3393,24,Female,Bangalore,Salaried,138246,100212,6,33.5,18371.35,Travel,Restructured,2022-01-13,2022-05-17,124.0,554,Yes,0.0
LN0357,CU7304,49,Male,Hyderabad,Salaried,135805,390520,3,24.51,135526.75,Medical,Restructured,2023-02-03,2023-12-19,319.0,630,Yes,0.0
LN0358,CU3598,23,Male,Delhi,Self-Employed,93332,109188,12,33.3,10822.44,Medical,Active,2022-08-30,,,744,No,0.0
LN0359,CU3742,38,Male,Bangalore,Salaried,17340,27016,24,30.8,1521.69,Shopping,Closed,2023-01-16,2023-04-17,91.0,554,No,0.0
LN0360,CU2497,42,Male,Hyderabad,Self-Employed,55348,372697,24,31.0,21030.87,Medical,Restructured,2022-08-27,2023-07-17,324.0,655,Yes,0.0
LN0361,CU8187,33,Male,Bangalore,Self-Employed,50319,136437,3,23.65,47283.29,Shopping,Defaulted,2023-07-10,,,801,Yes,31768.41
LN0362,CU4057,55,Female,Delhi,Self-Employed,87174,459904,24,33.95,26658.84,Business,Closed,2022-03-12,2023-09-06,543.0,458,No,0.0
LN0363,CU5314,55,Female,Bangalore,Salaried,147633,203727,6,33.19,37316.13,Business,Defaulted,2023-09-28,,,544,Yes,66106.53
LN0364,CU2037,55,Female,Mumbai,Self-Employed,55404,326409,12,19.74,30196.13,Travel,Active,2022-04-09,,,835,No,0.0
LN0365,CU1717,29,Male,Hyderabad,Salaried,43063,259473,6,14.37,45076.01,Business,Restructured,2023-11-05,2024-03-09,125.0,838,Yes,0.0
LN0366,CU5193,24,Female,Mumbai,Salaried,18430,492698,6,27.74,88886.72,Education,Restructured,2023-10-17,2023-11-17,31.0,669,Yes,0.0
LN0367,CU7814,44,Male,Chennai,Self-Employed,25656,389984,3,32.03,136995.14,Education,Closed,2023-06-16,2023-08-04,49.0,403,No,0.0
LN0368,CU9710,45,Male,Mumbai,Salaried,61897,297774,24,21.96,15442.08,Education,Defaulted,2023-11-22,,,769,Yes,176218.27
LN0369,CU7997,27,Male,Mumbai,Self-Employed,147302,181953,6,24.81,32557.34,Business,Restructured,2022-12-27,2023-11-14,322.0,632,Yes,0.0
LN0370,CU7090,47,Female,Delhi,Salaried,71079,201641,24,34.23,11718.0,Travel,Defaulted,2023-04-09,,,758,Yes,155642.07
LN0371,CU1003,23,Female,Chennai,Salaried,50411,471786,12,12.16,41952.94,Medical,Closed,2022-11-19,2022-12-11,22.0,582,No,0.0
LN0372,CU9376,30,Male,Hyderabad,Self-Employed,108233,86845,6,18.36,15259.06,Business,Closed,2022-08-27,2023-05-16,262.0,607,Yes,0.0
LN0373,CU7550,34,Male,Delhi,Self-Employed,60325,260997,24,31.67,14818.38,Education,Defaulted,2022-02-08,,,690,Yes,40437.36
LN0374,CU1916,42,Female,Bangalore,Self-Employed,46598,461018,6,29.94,83683.81,Business,Active,2023-10-12,,,691,Yes,0.0
LN0375,CU9591,23,Female,Chennai,Salaried,100676,268403,6,15.68,46801.79,Shopping,Restructured,2023-09-02,2024-06-22,294.0,816,Yes,0.0
LN0376,CU2475,35,Female,Delhi,Self-Employed,53800,74305,12,13.98,6670.93,Business,Active,2023-07-16,,,708,No,0.0
LN0377,CU7529,53,Female,Mumbai,Salaried,141070,298232,6,23.71,53198.7,Business,Closed,2023-07-29,2024-06-08,315.0,836,No,0.0
LN0378,CU2173,38,Female,Delhi,Salaried,44499,357189,18,22.16,23505.26,Travel,Closed,2022-11-25,2023-11-12,352.0,324,No,0.0
LN0379,CU3773,43,Female,Chennai,Salaried,130464,28528,6,16.79,4990.2,Travel,Closed,2022-03-29,2022-07-22,115.0,355,No,0.0
LN0380,CU3419,39,Male,Delhi,Salaried,94984,240961,18,12.55,14755.93,Medical,Closed,2022-07-28,2024-02-07,559.0,835,No,0.0
LN0381,CU9991,51,Male,Hyderabad,Self-Employed,26398,138932,6,13.44,24071.45,Medical,Defaulted,2022-02-24,,,776,Yes,77569.97
LN0382,CU1136,25,Female,Delhi,Self-Employed,43283,15002,12,32.82,1483.39,Shopping,Closed,2023-01-25,2024-06-28,520.0,401,No,0.0
LN0383,CU8940,55,Male,Mumbai,Salaried,146242,245116,24,34.23,14244.47,Education,Active,2022-09-11,,,842,No,0.0
LN0384,CU9027,46,Male,Hyderabad,Self-Employed,107251,191320,12,17.67,17510.18,Business,Defaulted,2022-03-05,,,563,Yes,136807.98
LN0385,CU1482,38,Male,Mumbai,Self-Employed,117982,349421,6,14.11,60656.87,Shopping,Closed,2023-03-04,2023-07-05,123.0,456,No,0.0
LN0386,CU6118,42,Female,Chennai,Salaried,69200,347083,6,25.94,62301.76,Medical,Closed,2022-11-13,2024-05-02,536.0,438,No,0.0
LN0387,CU3378,31,Female,Hyderabad,Salaried,63269,171512,6,29.45,31090.29,Travel,Restructured,2023-02-26,2023-07-31,155.0,753,Yes,0.0
LN0388,CU5485,30,Male,Hyderabad,Salaried,63430,18735,24,26.81,1017.01,Business,Closed,2023-09-03,2023-12-30,118.0,536,No,0.0
LN0389,CU6886,26,Female,Mumbai,Self-Employed,113031,101456,18,23.79,6756.92,Medical,Closed,2022-07-17,2023-03-05,231.0,333,No,0.0
LN0390,CU1245,38,Female,Mumbai,Salaried,68624,39674,6,34.25,7288.36,Shopping,Restructured,2023-12-06,2024-02-27,83.0,768,Yes,0.0
LN0391,CU5043,48,Female,Hyderabad,Self-Employed,97024,211648,24,34.54,12334.05,Business,Active,2023-06-18,,,411,No,0.0
LN0392,CU1694,36,Female,Hyderabad,Self-Employed,27922,104536,12,22.55,9811.67,Travel,Defaulted,2023-04-18,,,470,Yes,41367.35
LN0393,CU1893,54,Male,Bangalore,Self-Employed,38708,383875,24,14.72,18561.78,Business,Closed,2023-02-07,2023-09-06,211.0,631,No,0.0
LN0394,CU3930,50,Male,Bangalore,Salaried,80557,174908,6,29.24,31687.32,Education,Active,2022-04-27,,,760,No,0.0
LN0395,CU2397,54,Female,Chennai,Salaried,114268,293539,18,13.05,18044.11,Medical,Defaulted,2023-08-03,,,453,Yes,62666.72
LN0396,CU3369,32,Male,Bangalore,Self-Employed,96138,387815,18,18.93,24917.11,Medical,Active,2022-05-15,,,507,Yes,0.0
LN0397,CU5146,21,Female,Bangalore,Self-Employed,16507,323758,18,17.71,20612.9,Business,Restructured,2023-04-10,2023-11-05,209.0,752,Yes,0.0
LN0398,CU2300,21,Male,Chennai,Self-Employed,69430,30647,6,15.56,5342.13,Travel,Active,2022-05-29,,,333,No,0.0
LN0399,CU5889,42,Male,Hyderabad,Salaried,124302,98453,6,28.13,17781.1,Business,Closed,2023-04-12,2024-04-29,383.0,668,No,0.0
LN0400,CU2525,40,Female,Delhi,Self-Employed,32738,402642,18,32.24,28505.56,Education,Defaulted,2023-04-28,,,437,Yes,74656.37
LN0401,CU5496,42,Female,Chennai,Salaried,69801,325892,3,14.62,111288.32,Business,Active,2023-05-11,,,594,No,0.0
LN0402,CU6185,37,Female,Mumbai,Self-Employed,145479,263214,6,33.21,48214.88,Medical,Defaulted,2022-07-18,,,301,Yes,48101.04
LN0403,CU8616,28,Male,Chennai,Self-Employed,123538,28851,12,20.39,2677.99,Medical,Active,2023-10-18,,,506,No,0.0
LN0404,CU5168,25,Female,Delhi,Self-Employed,16607,64683,12,20.19,5997.76,Business,Active,2022-06-29,,,498,No,0.0
LN0405,CU6536,51,Female,Hyderabad,Salaried,141221,86467,18,33.41,6172.74,Business,Defaulted,2023-04-19,,,723,Yes,64802.95
LN0406,CU1917,54,Female,Chennai,Self-Employed,19906,114189,24,28.45,6293.88,Travel,Active,2022-06-02,,,587,No,0.0
LN0407,CU6556,45,Male,Chennai,Self-Employed,64120,317051,3,32.75,111504.0,Travel,Defaulted,2023-12-28,,,332,Yes,91960.07
LN0408,CU2422,52,Male,Delhi,Self-Employed,94332,118319,24,19.26,5979.25,Education,Defaulted,2022-02-08,,,506,Yes,87478.88
LN0409,CU8270,53,Male,Bangalore,Salaried,64862,183318,18,29.58,12733.27,Business,Defaulted,2022-12-02,,,446,Yes,117073.65
LN0410,CU2609,54,Male,Mumbai,Salaried,135420,208207,24,14.78,10073.51,Travel,Active,2023-12-05,,,389,No,0.0
LN0411,CU1755,27,Female,Hyderabad,Self-Employed,70009,173233,6,16.62,30287.79,Travel,Defaulted,2023-03-28,,,420,Yes,50386.19
LN0412,CU3580,38,Male,Hyderabad,Salaried,69153,289441,12,25.18,27534.98,Travel,Closed,2023-12-23,2024-03-04,72.0,550,No,0.0
LN0413,CU6101,42,Female,Hyderabad,Salaried,22600,251801,3,14.54,85975.82,Education,Active,2023-03-13,,,701,No,0.0
LN0414,CU8304,43,Female,Delhi,Salaried,35590,488804,18,25.63,32994.93,Education,Restructured,2022-04-10,2023-07-20,466.0,617,Yes,0.0
LN0415,CU8625,51,Male,Mumbai,Salaried,82646,483602,12,21.41,45125.22,Travel,Defaulted,2023-04-10,,,799,Yes,58605.26
LN0416,CU8787,28,Female,Bangalore,Self-Employed,59774,152984,12,26.51,14652.57,Medical,Active,2023-02-20,,,409,No,0.0
LN0417,CU2162,40,Female,Bangalore,Self-Employed,77541,330517,6,25.15,59196.79,Shopping,Restructured,2022-03-09,2023-02-20,348.0,513,Yes,0.0
LN0418,CU8063,48,Female,Chennai,Salaried,60373,352399,3,29.74,123336.26,Business,Restructured,2022-04-28,2023-12-25,606.0,774,Yes,0.0
LN0419,CU6330,27,Female,Mumbai,Self-Employed,121376,41494,24,14.61,2004.22,Business,Restructured,2022-12-02,2024-04-21,506.0,362,Yes,0.0
LN0420,CU2483,34,Male,Chennai,Salaried,53463,351492,6,22.87,62551.13,Travel,Restructured,2023-09-23,2024-05-08,228.0,500,Yes,0.0
LN0421,CU4369,41,Female,Chennai,Self-Employed,128961,381329,12,35.77,38265.29,Business,Active,2023-09-19,,,822,No,0.0
LN0422,CU3089,39,Male,Delhi,Salaried,15221,373760,24,31.7,21226.43,Travel,Active,2022-10-16,,,331,No,0.0
LN0423,CU7459,41,Female,Bangalore,Self-Employed,129082,290799,6,27.9,52485.98,Shopping,Closed,2022-07-12,2024-01-31,568.0,693,No,0.0
LN0424,CU6902,47,Male,Delhi,Salaried,50200,11083,3,27.56,3865.31,Medical,Restructured,2023-11-05,2024-02-24,111.0,439,Yes,0.0
LN0425,CU2387,29,Female,Bangalore,Self-Employed,62132,243233,24,22.18,12640.11,Shopping,Restructured,2022-12-30,2023-08-18,231.0,490,Yes,0.0
LN0426,CU7959,21,Female,Mumbai,Self-Employed,122698,490786,24,25.83,26398.82,Education,Active,2023-08-05,,,794,No,0.0
LN0427,CU2854,51,Male,Mumbai,Self-Employed,136880,276030,3,24.56,95801.71,Business,Active,2022-09-09,,,783,No,0.0
LN0428,CU2279,55,Female,Chennai,Salaried,105058,285511,3,23.25,98881.77,Business,Restructured,2023-08-11,2024-01-27,169.0,731,Yes,0.0
LN0429,CU6782,39,Female,Mumbai,Salaried,94710,386142,24,18.25,19324.47,Shopping,Closed,2023-08-10,2023-09-05,26.0,598,No,0.0
LN0430,CU1447,39,Female,Hyderabad,Salaried,147538,45297,12,18.05,4153.91,Business,Defaulted,2022-10-09,,,563,Yes,4980.05
LN0431,CU2827,32,Male,Bangalore,Self-Employed,60979,141971,6,23.64,25319.83,Business,Active,2022-12-18,,,386,No,0.0
LN0432,CU3525,52,Female,Bangalore,Salaried,130391,385632,6,17.06,67507.68,Travel,Active,2023-10-20,,,570,No,0.0
LN0433,CU2900,24,Male,Bangalore,Self-Employed,139841,163003,18,29.91,11349.09,Business,Closed,2023-01-24,2024-02-27,399.0,785,No,0.0
LN0434,CU9690,48,Male,Delhi,Self-Employed,115140,360725,12,35.08,36073.53,Education,Active,2023-06-29,,,662,No,0.0
LN0435,CU8074,38,Female,Delhi,Self-Employed,40762,138873,24,21.39,7162.71,Medical,Closed,2023-06-17,2023-12-06,172.0,484,No,0.0
LN0436,CU1173,21,Male,Hyderabad,Self-Employed,40611,280389,3,28.45,97929.31,Travel,Closed,2022-10-18,2023-07-02,257.0,497,Yes,0.0
LN0437,CU2506,24,Male,Chennai,Salaried,46451,50291,24,15.12,2441.31,Business,Closed,2022-04-24,2024-04-05,712.0,488,No,0.0
LN0438,CU8650,25,Female,Delhi,Self-Employed,99778,139918,6,30.74,25454.52,Travel,Active,2023-01-27,,,697,No,0.0
LN0439,CU1984,37,Female,Mumbai,Self-Employed,33192,262803,6,26.65,47267.38,Medical,Restructured,2022-04-22,2022-09-16,147.0,741,Yes,0.0
LN0440,CU4578,27,Female,Delhi,Salaried,24138,43230,3,25.71,15031.83,Travel,Restructured,2022-01-20,2023-06-13,509.0,452,Yes,0.0
LN0441,CU1014,23,Female,Delhi,Salaried,101463,479280,18,25.79,32389.79,Business,Restructured,2023-05-05,2023-12-14,223.0,713,Yes,0.0
LN0442,CU2148,55,Male,Hyderabad,Self-Employed,141370,68545,24,24.85,3653.19,Travel,Defaulted,2023-11-30,,,610,Yes,26076.6
LN0443,CU2485,44,Female,Hyderabad,Self-Employed,91010,344629,6,16.24,60189.29,Education,Restructured,2023-11-08,2023-12-26,48.0,606,Yes,0.0
LN0444,CU7391,27,Female,Bangalore,Salaried,129814,390521,6,15.36,68033.63,Medical,Active,2023-08-31,,,544,No,0.0
LN0445,CU2032,55,Female,Bangalore,Self-Employed,19303,24421,12,13.35,2185.23,Education,Restructured,2022-05-02,2022-12-04,216.0,835,Yes,0.0
LN0446,CU8509,55,Male,Chennai,Salaried,33883,24334,6,23.73,4340.95,Education,Restructured,2023-09-26,2023-10-19,23.0,548,Yes,0.0
LN0447,CU3138,21,Male,Hyderabad,Self-Employed,40504,244172,24,16.1,11967.09,Business,Active,2022-04-19,,,416,No,0.0
LN0448,CU4613,25,Male,Bangalore,Self-Employed,120384,174992,3,35.42,61807.51,Business,Closed,2022-11-26,2023-07-02,218.0,346,No,0.0
LN0449,CU6496,25,Male,Delhi,Salaried,123830,93107,12,25.28,8861.94,Shopping,Closed,2023-08-19,2023-09-08,20.0,436,Yes,0.0
LN0450,CU7162,31,Male,Bangalore,Salaried,16664,8787,6,34.23,1614.14,Business,Defaulted,2023-03-03,,,787,Yes,5137.33
LN0451,CU4377,30,Female,Chennai,Self-Employed,123011,130437,6,26.65,23460.21,Education,Closed,2023-05-27,2024-04-04,313.0,390,No,0.0
LN0452,CU5934,43,Female,Hyderabad,Salaried,65306,66607,24,35.44,3913.23,Business,Defaulted,2023-07-07,,,819,Yes,16884.43
LN0453,CU4409,38,Male,Mumbai,Salaried,54116,364265,18,23.94,24286.56,Medical,Active,2022-02-25,,,672,No,0.0
LN0454,CU8121,37,Female,Chennai,Self-Employed,26355,59746,3,34.2,21061.14,Medical,Closed,2022-01-30,2023-06-10,496.0,827,Yes,0.0
LN0455,CU4855,49,Female,Bangalore,Salaried,100376,125619,3,19.83,43264.46,Education,Closed,2023-02-27,2024-05-17,445.0,504,No,0.0
LN0456,CU4615,25,Female,Chennai,Self-Employed,29244,471872,18,15.48,29544.34,Business,Restructured,2022-07-02,2023-08-02,396.0,682,Yes,0.0
LN0457,CU3234,50,Male,Delhi,Self-Employed,68008,181103,6,12.77,31317.97,Business,Active,2022-10-15,,,439,Yes,0.0
LN0458,CU8627,50,Female,Mumbai,Self-Employed,72633,469733,12,26.49,44985.73,Business,Closed,2023-08-15,2024-05-24,283.0,535,Yes,0.0
LN0459,CU9548,52,Male,Chennai,Self-Employed,136310,151365,3,29.52,52957.49,Medical,Closed,2022-12-02,2024-02-19,444.0,527,No,0.0
LN0460,CU3440,21,Female,Hyderabad,Salaried,138378,389552,24,12.81,18485.27,Business,Restructured,2023-05-06,2024-06-23,414.0,400,Yes,0.0
LN0461,CU8412,52,Male,Hyderabad,Salaried,121592,119298,6,20.6,21094.58,Medical,Active,2022-01-17,,,791,No,0.0
LN0462,CU3650,50,Male,Bangalore,Self-Employed,51339,463332,18,16.44,29219.84,Travel,Restructured,2023-12-22,2024-06-01,162.0,301,Yes,0.0
LN0463,CU2158,45,Female,Chennai,Salaried,92749,228295,12,28.75,22115.69,Business,Closed,2023-12-03,2023-12-23,20.0,643,No,0.0
LN0464,CU1898,53,Female,Hyderabad,Salaried,115389,196674,18,26.86,13395.07,Travel,Defaulted,2022-06-29,,,368,Yes,96867.99
LN0465,CU4354,29,Female,Mumbai,Salaried,140434,391599,24,32.91,22486.25,Medical,Closed,2022-11-25,2023-11-21,361.0,573,No,0.0
LN0466,CU7929,38,Male,Hyderabad,Self-Employed,105499,242193,18,24.03,16158.33,Education,Restructured,2023-12-28,2024-05-12,136.0,845,Yes,0.0
LN0467,CU5788,49,Female,Hyderabad,Salaried,135028,50774,3,21.38,17531.3,Medical,Defaulted,2022-03-20,,,411,Yes,10933.49
LN0468,CU2835,30,Female,Mumbai,Salaried,20948,158705,18,35.27,11479.97,Business,Closed,2023-05-01,2023-10-25,177.0,730,No,0.0
LN0469,CU1351,39,Male,Hyderabad,Salaried,75903,442752,24,27.47,24182.58,Shopping,Defaulted,2023-11-03,,,634,Yes,194945.42
LN0470,CU9686,49,Female,Delhi,Salaried,95345,95039,12,17.44,8687.87,Travel,Defaulted,2022-02-18,,,451,Yes,32996.08
LN0471,CU8469,31,Male,Chennai,Self-Employed,62783,96938,6,15.87,16912.36,Education,Active,2022-11-21,,,429,No,0.0
LN0472,CU7056,32,Male,Chennai,Salaried,98084,185274,6,20.95,32793.04,Business,Closed,2023-07-01,2023-12-02,154.0,424,No,0.0
LN0473,CU7628,52,Male,Bangalore,Self-Employed,55908,7251,24,35.41,425.89,Travel,Defaulted,2023-05-01,,,596,Yes,5646.53
LN0474,CU3409,49,Female,Hyderabad,Self-Employed,25506,78097,24,14.81,3779.62,Education,Restructured,2023-09-25,2024-01-15,112.0,756,Yes,0.0
LN0475,CU6855,26,Female,Hyderabad,Salaried,73233,414617,12,16.7,37756.04,Education,Restructured,2023-11-25,2024-05-14,171.0,389,Yes,0.0
LN0476,CU9385,46,Male,Bangalore,Self-Employed,149101,499614,3,33.8,176006.49,Travel,Restructured,2022-06-01,2024-06-03,733.0,737,Yes,0.0
LN0477,CU7056,45,Female,Hyderabad,Self-Employed,105418,189211,12,35.46,18957.51,Business,Active,2022-08-09,,,754,No,0.0
LN0478,CU7809,49,Female,Mumbai,Self-Employed,123578,78173,24,26.35,4225.35,Medical,Closed,2022-11-07,2024-03-07,486.0,837,No,0.0
LN0479,CU2083,45,Male,Hyderabad,Self-Employed,86651,222324,6,25.34,39840.28,Business,Closed,2022-07-24,2023-01-30,190.0,690,No,0.0
LN0480,CU9037,23,Female,Chennai,Self-Employed,144525,298224,18,17.39,18941.81,Education,Closed,2022-09-26,2023-07-30,307.0,783,Yes,0.0
LN0481,CU5713,47,Male,Bangalore,Salaried,22456,67576,12,23.83,6384.4,Education,Defaulted,2023-08-19,,,792,Yes,33511.09
LN0482,CU5225,51,Male,Delhi,Salaried,83036,90378,24,13.4,4313.73,Travel,Restructured,2023-12-11,2024-01-14,34.0,665,Yes,0.0
LN0483,CU3675,24,Female,Delhi,Self-Employed,108319,30540,12,19.0,2814.46,Education,Closed,2023-10-06,2024-01-07,93.0,396,No,0.0
LN0484,CU3738,55,Female,Delhi,Self-Employed,86161,364369,12,14.3,32767.1,Business,Defaulted,2022-05-28,,,313,Yes,71366.99
LN0485,CU5610,44,Female,Bangalore,Self-Employed,57737,58696,6,15.71,10235.77,Medical,Closed,2023-07-27,2024-06-05,314.0,838,No,0.0
LN0486,CU2867,47,Female,Hyderabad,Salaried,49401,489132,3,23.51,169473.92,Travel,Defaulted,2022-05-23,,,752,Yes,353548.75
LN0487,CU9570,42,Male,Delhi,Salaried,46089,121579,6,32.56,22230.4,Medical,Closed,2022-11-11,2023-03-19,128.0,514,Yes,0.0
LN0488,CU2287,48,Male,Hyderabad,Salaried,141944,402061,18,13.02,24709.43,Education,Active,2023-11-07,,,825,No,0.0
LN0489,CU8685,28,Female,Hyderabad,Salaried,94074,355007,3,30.11,124323.2,Education,Closed,2023-08-25,2023-12-05,102.0,489,No,0.0
LN0490,CU1479,26,Male,Delhi,Self-Employed,107327,89178,24,30.74,5020.23,Business,Closed,2023-06-02,2024-03-19,291.0,369,Yes,0.0
LN0491,CU1229,54,Male,Mumbai,Self-Employed,60029,477729,24,12.1,22510.68,Education,Closed,2023-06-01,2024-05-28,362.0,786,No,0.0
LN0492,CU4033,49,Male,Mumbai,Self-Employed,114513,227346,6,24.34,40625.95,Shopping,Active,2022-11-18,,,426,No,0.0
LN0493,CU9515,29,Female,Delhi,Self-Employed,25645,48121,12,23.85,4546.81,Shopping,Defaulted,2023-04-13,,,619,Yes,27955.06
LN0494,CU8273,35,Female,Delhi,Self-Employed,64488,454196,3,33.47,159921.62,Shopping,Defaulted,2022-07-03,,,313,Yes,362950.9
LN0495,CU9055,27,Female,Bangalore,Salaried,46252,80165,18,21.61,5253.99,Business,Active,2022-06-22,,,366,No,0.0
LN0496,CU4261,42,Male,Chennai,Self-Employed,47181,127090,18,29.4,8816.24,Travel,Defaulted,2023-10-22,,,709,Yes,44388.48
LN0497,CU7626,52,Female,Mumbai,Self-Employed,43321,69062,12,23.74,6521.79,Medical,Closed,2022-01-31,2022-05-12,101.0,354,No,0.0
LN0498,CU9161,22,Male,Bangalore,Self-Employed,55038,163729,24,26.96,8900.3,Education,Restructured,2023-04-23,2023-08-04,103.0,600,Yes,0.0
LN0499,CU9157,52,Female,Chennai,Self-Employed,19632,405537,3,35.78,143319.11,Education,Restructured,2023-04-06,2023-09-14,161.0,685,Yes,0.0
LN0500,CU8250,50,Male,Hyderabad,Salaried,94441,468837,6,23.8,83652.43,Medical,Defaulted,2023-02-03,,,799,Yes,297621.38
